,mean_fit_time,std_fit_time,mean_score_time,std_score_time,param_n_estimators,params,split0_test_score,split1_test_score,split2_test_score,split3_test_score,split4_test_score,mean_test_score,std_test_score,rank_test_score
0,13.52902774810791,2.046787727648926,0.05763363838195801,0.01414655035805093,10,{'n_estimators': 10},-0.4923693955436643,-1.457735407567133,-0.5679646139317722,-5.341658160941298,-0.14965973947065359,-1.6018774634909043,1.9191486054284876,3
1,62.26597080230713,9.20712798862304,0.11589736938476562,0.010599006403963405,50,{'n_estimators': 50},-0.564811748074207,-1.600357080826449,-0.28552831642086973,-5.091924218830261,-0.10996660619333043,-1.5305175940690234,1.8541329991349496,1
2,100.13579664230346,14.823239880511014,0.20757503509521485,0.03022331975489789,100,{'n_estimators': 100},-0.5621659999399378,-1.510498967339558,-0.3931965519397689,-5.187922182823565,-0.12916957999848688,-1.5565906564082632,1.8744914119633589,2
