,mean_fit_time,std_fit_time,mean_score_time,std_score_time,param_n_estimators,params,split0_test_score,split1_test_score,split2_test_score,split3_test_score,split4_test_score,mean_test_score,std_test_score,rank_test_score
0,12.780527257919312,1.7200902758899717,0.045211076736450195,0.005713066669318249,10,{'n_estimators': 10},-0.33788647902748337,-1.3065254106011386,-0.40577401734309637,-5.1494926702019335,-0.1479187292375983,-1.46951946128225,1.8829522537702943,3
1,60.78943872451782,9.271435077815292,0.12838521003723144,0.007228322723156058,50,{'n_estimators': 50},-0.44310642923131005,-1.020101156821124,-0.47490260424527375,-5.094952373259898,-0.16024719659598619,-1.4386619520307182,1.8492138843298909,2
2,101.84135117530823,16.71499463261892,0.159592342376709,0.01632178907892354,100,{'n_estimators': 100},-0.476090570054404,-0.916590390121556,-0.5293090839798831,-5.0988492082760155,-0.17172144538039213,-1.4385121395624503,1.8454340359784918,1
