,mean_fit_time,std_fit_time,mean_score_time,std_score_time,param_n_estimators,params,split0_test_score,split1_test_score,split2_test_score,split3_test_score,split4_test_score,mean_test_score,std_test_score,rank_test_score
0,12.72977614402771,1.7157169072684098,0.05461621284484863,0.010849452261814621,10,{'n_estimators': 10},-0.4923693955436643,-1.457735407567133,-0.5679646139317722,-5.341658160941298,-0.14965973947065359,-1.6018774634909043,1.9191486054284876,3
1,58.666453170776364,8.952492021085867,0.12462420463562011,0.013165673580645533,50,{'n_estimators': 50},-0.564811748074207,-1.600357080826449,-0.28552831642086973,-5.091924218830261,-0.10996660619333043,-1.5305175940690234,1.8541329991349496,1
2,96.41066355705262,15.592730630017712,0.14441580772399903,0.00559024642566342,100,{'n_estimators': 100},-0.5621659999399378,-1.510498967339558,-0.3931965519397689,-5.187922182823565,-0.12916957999848688,-1.5565906564082632,1.8744914119633589,2
