,mean_fit_time,std_fit_time,mean_score_time,std_score_time,param_n_estimators,params,split0_test_score,split1_test_score,split2_test_score,split3_test_score,split4_test_score,mean_test_score,std_test_score,rank_test_score
0,7.6703979015350345,0.5523820242317993,0.09520077705383301,0.03002238610999831,10,{'n_estimators': 10},-0.4504518560844828,0.23411063710188185,-0.14105451737283348,-0.22473010924785286,-1.3336969219543025,-0.38316455351151796,0.5239822073734977,2
1,15.269602966308593,1.1072639058214446,0.08900070190429688,0.017227875719982053,20,{'n_estimators': 20},-0.3909704395997158,0.2574994285041444,-0.1507770211880708,-0.32490731982399734,-1.2326507239107656,-0.368361215203681,0.4875326039846748,1
2,27.300284385681152,1.4642837044930588,0.09680042266845704,0.007222293223840272,40,{'n_estimators': 40},-0.5449359868530272,0.26643681970955824,-0.1540285062760438,-0.31882856504019585,-1.3016993749052825,-0.41061112267299826,0.5186008167387609,5
3,56.965593957901,3.9906524091059983,0.17600088119506835,0.0211380589363998,80,{'n_estimators': 80},-0.4942780002789988,0.26273146617689414,-0.14188444078131934,-0.4066314818840555,-1.3168668736398454,-0.419385866081465,0.520295062636538,8
4,83.52540011405945,6.025889967422458,0.23200149536132814,0.0341907829881018,100,{'n_estimators': 100},-0.4562004884719686,0.26073836294949804,-0.12842836431370053,-0.4153336465010482,-1.3316126273004039,-0.41416735272752464,0.5254747322433405,7
5,128.2529987335205,7.157645045626941,0.27820138931274413,0.026163798787897496,150,{'n_estimators': 150},-0.416769250011632,0.2650595183447543,-0.12790711934815158,-0.4772148332629096,-1.310909250535039,-0.41354818696259554,0.5198884366332047,6
6,162.80361638069152,8.279975726490488,0.3512012004852295,0.06812736256301509,200,{'n_estimators': 200},-0.37651355666936315,0.2676252709473026,-0.11570164194408261,-0.4599515718011489,-1.3168020601145143,-0.4002687119163612,0.5236832094276556,3
7,316.28501291275023,26.541973242489608,0.6303977489471435,0.05648727912170639,400,{'n_estimators': 400},-0.390145043022357,0.2677349672505507,-0.10864315640116717,-0.4669282321931185,-1.3480234210018653,-0.4092009770735915,0.5354737009629945,4
