,mean_fit_time,std_fit_time,mean_score_time,std_score_time,param_splitter,params,split0_test_score,split1_test_score,split2_test_score,split3_test_score,split4_test_score,mean_test_score,std_test_score,rank_test_score
0,2.788465642929077,0.24712389391863857,0.05487580299377441,0.013152242174289362,best,{'splitter': 'best'},-0.5496848963701682,-1.184516154135109,-0.21397921381881058,-7.996234774084684,-0.31479656998804706,-2.0518423216793638,2.9913074728698685,1
1,1.682831335067749,0.47624942884354704,0.04071025848388672,0.018731230328228595,random,{'splitter': 'random'},-0.5526301376486844,-1.4949258678151067,-9.019335347311717,-2.630757415489623,-0.09801176757247121,-2.7591321071675208,3.2482319648784275,2
