,mean_fit_time,std_fit_time,mean_score_time,std_score_time,param_splitter,params,split0_test_score,split1_test_score,split2_test_score,split3_test_score,split4_test_score,mean_test_score,std_test_score,rank_test_score
0,3.3762659072875976,0.2269359064209539,0.04375338554382324,0.015895920598351453,best,{'splitter': 'best'},-0.5579332284176479,-1.3213440494866475,-0.620731591707913,-8.068519289739553,-0.27939408937677856,-2.1695844497457077,2.969381365086558,2
1,2.0648890018463133,0.7641784928206886,0.03607630729675293,0.015549278238512996,random,{'splitter': 'random'},-0.6240654372043555,0.11175330772945757,-6.951162866251957,-2.874210049209106,0.05212207946208325,-2.0571125930947756,2.6767835429731024,1
