,mean_fit_time,std_fit_time,mean_score_time,std_score_time,param_splitter,params,split0_test_score,split1_test_score,split2_test_score,split3_test_score,split4_test_score,mean_test_score,std_test_score,rank_test_score
0,3.3883126258850096,0.24718088867491927,0.03398137092590332,0.0036737662405514856,best,{'splitter': 'best'},-0.5496848963701682,-1.184516154135109,-0.21397921381881058,-7.996234774084684,-0.31479656998804706,-2.0518423216793638,2.9913074728698685,1
1,1.9969958782196044,0.7421721305746157,0.030795955657958986,0.01581992595401102,random,{'splitter': 'random'},-0.5526301376486844,-1.4949258678151067,-9.019335347311717,-2.630757415489623,-0.09801176757247121,-2.7591321071675208,3.2482319648784275,2
