{
    "1_day": {
        "mape": 329.3571,
        "mae": 30.8671,
        "mse": 2366.0082,
        "rmse": 48.6416,
        "r2": -2.4557057855819602e+20,
        "msle": 9.5174
    },
    "7_days": {
        "mape": 325.9722,
        "mae": 30.5499,
        "mse": 2292.7409,
        "rmse": 47.8826,
        "r2": -5.268038727114278e+20,
        "msle": 9.4554
    },
    "14_days": {
        "mape": 319.0876,
        "mae": 29.9047,
        "mse": 2147.1684,
        "rmse": 46.3375,
        "r2": -5.158561456614603e+20,
        "msle": 9.3798
    },
    "28_days": {
        "mape": 313.9451,
        "mae": 29.4227,
        "mse": 2072.5979,
        "rmse": 45.5258,
        "r2": -3.370335920028822e+20,
        "msle": 9.2877
    }
}